Original_Name,Correct_Name
Rray9 Enterprises Llp,Rray9 Enterprises Llp
Aces Infotech Pvt Ltd,Aces Infotech Pvt Ltd
Qvc Realty Co. Limited,Qvc Realty Co. Limited
Neco Industries Limited,Neco Industries Limited
Tiger Logistics (India) Limited,Tiger Logistics (India) Limited
Alox Industries Private Limited,Alox Industries Private Limited
Harakh Chand Saraogi & Company Pvt.Ltd.,Harakh Chand Saraogi & Company Pvt.Ltd.
Savannah Seeds Private Limited,Savannah Seeds Private Limited
Avantha Technologies Limited,Avantha Technologies Limited
Mark Software Systems Private Limited,Mark Software Systems Private Limited
Flovel Energy Private Limited,Flovel Energy Private Limited
Kapadia Associates Design Llp,Kapadia Associates Design Llp
Ds & Associates Llp,Ds & Associates Llp
Karl Storz Endoscopy India Private Limited,Karl Storz Endoscopy India Private Limited
Templatolio Technologies Private Limited,Templatolio Technologies Private Limited
Healthfore Technologies Limited,Healthfore Technologies Limited
Quick Sort (India) Private Limited,Quick Sort (India) Private Limited
Competent Synergies Private Limited,Competent Synergies Private Limited
Spam Engineering Consultants Pvt. Ltd.,Spam Engineering Consultants Pvt. Ltd.
Network Advertising Pvt Ltd,Network Advertising Pvt Ltd
Jindal Saw Limited,Jindal Saw Limited
Kalahanu Retail Venture Private Limited,Kalahanu Retail Venture Private Limited
Grazitti Interactive Llp,Grazitti Interactive Llp
Madhusudan Auto Private Limited,Madhusudan Auto Private Limited
M&Ps Communications Pvt Ltd,M&Ps Communications Pvt Ltd
